version,breedName,species
kind-20260915,고양이,CAT
kind-20260915,노르웨이 숲,CAT
kind-20260915,니벨룽,CAT
kind-20260915,데본 렉스,CAT
kind-20260915,러시안 블루,CAT
kind-20260915,레그돌,CAT
kind-20260915,레그돌-라가머핀,CAT
kind-20260915,맹크스,CAT
kind-20260915,먼치킨,CAT
kind-20260915,메인쿤,CAT
kind-20260915,믹스묘,CAT
kind-20260915,발리네즈,CAT
kind-20260915,버만,CAT
kind-20260915,벵갈,CAT
kind-20260915,봄베이,CAT
kind-20260915,브리티쉬롱헤어,CAT
kind-20260915,브리티시 쇼트헤어,CAT
kind-20260915,사바나캣,CAT
kind-20260915,샤트룩스,CAT
kind-20260915,샴,CAT
kind-20260915,셀커크 렉스,CAT
kind-20260915,소말리,CAT
kind-20260915,스노우 슈,CAT
kind-20260915,스코티시폴드,CAT
kind-20260915,스핑크스,CAT
kind-20260915,시베리안 포레스트,CAT
kind-20260915,싱가퓨라,CAT
kind-20260915,아메리칸 쇼트헤어,CAT
kind-20260915,아비시니안,CAT
kind-20260915,재패니즈밥테일,CAT
kind-20260915,터키시 앙고라,CAT
kind-20260915,통키니즈,CAT
kind-20260915,페르시안,CAT
kind-20260915,페르시안-페르시안 친칠라,CAT
kind-20260915,하바나 브라운,CAT
kind-20260915,하일랜드 폴드,CAT
kind-20260915,한국 고양이,CAT
kind-20260915,고든 세터,DOG
kind-20260915,골든 리트리버,DOG
kind-20260915,그레이 하운드,DOG
kind-20260915,그레이트 덴,DOG
kind-20260915,그레이트 피레니즈,DOG
kind-20260915,그리펀 벨지언,DOG
kind-20260915,꼬똥 드 뚤레아,DOG
kind-20260915,네오폴리탄 마스티프,DOG
kind-20260915,노르포크 테리어,DOG
kind-20260915,노리치 테리어,DOG
kind-20260915,노퍽 테리어,DOG
kind-20260915,뉴펀들랜드,DOG
kind-20260915,달마시안,DOG
kind-20260915,댄디 딘몬트 테리어,DOG
kind-20260915,도고 까니리오,DOG
kind-20260915,도고 아르젠티노,DOG
kind-20260915,도베르만,DOG
kind-20260915,도사,DOG
kind-20260915,도사 믹스견,DOG
kind-20260915,동경견,DOG
kind-20260915,라고토 로마그놀로,DOG
kind-20260915,라브라도 리트리버,DOG
kind-20260915,라사 압소,DOG
kind-20260915,래빗 닥스훈트,DOG
kind-20260915,랫 테리어,DOG
kind-20260915,러시안 토이,DOG
kind-20260915,러프콜리,DOG
kind-20260915,레이크랜드 테리어,DOG
kind-20260915,로디지안 리즈백,DOG
kind-20260915,로트와일러,DOG
kind-20260915,로트와일러 믹스견,DOG
kind-20260915,마리노이즈,DOG
kind-20260915,마스티프,DOG
kind-20260915,말라뮤트,DOG
kind-20260915,말티즈,DOG
kind-20260915,맨체스터테리어,DOG
kind-20260915,미니어쳐 닥스훈트,DOG
kind-20260915,미니어쳐 불 테리어,DOG
kind-20260915,미니어쳐 슈나우저,DOG
kind-20260915,미니어쳐 푸들,DOG
kind-20260915,미니어쳐 핀셔,DOG
kind-20260915,미디엄 푸들,DOG
kind-20260915,미텔 스피츠,DOG
kind-20260915,믹스견,DOG
kind-20260915,바센지,DOG
kind-20260915,바셋 하운드,DOG
kind-20260915,버니즈 마운틴 독,DOG
kind-20260915,베들링턴 테리어,DOG
kind-20260915,벨기에 쉽독,DOG
kind-20260915,벨기에 테뷰런,DOG
kind-20260915,벨지안 셰퍼드 독(그로넨달),DOG
kind-20260915,벨지안 셰퍼드 독(라케노이즈),DOG
kind-20260915,벨지안 셰퍼드 독(마리노이즈),DOG
kind-20260915,벨지안 셰퍼드 독(테르뷰렌),DOG
kind-20260915,보더 콜리,DOG
kind-20260915,보르조이,DOG
kind-20260915,보스턴 테리어,DOG
kind-20260915,복서,DOG
kind-20260915,볼로네즈,DOG
kind-20260915,부비에 데 플랑드르,DOG
kind-20260915,불독,DOG
kind-20260915,브뤼셀그리펀,DOG
kind-20260915,브리타니 스파니엘,DOG
kind-20260915,블랙 테리어,DOG
kind-20260915,비글,DOG
kind-20260915,비숑 프리제,DOG
kind-20260915,비어디드 콜리,DOG
kind-20260915,비즐라,DOG
kind-20260915,빠삐용(콘티넨탈 토이 스파니엘),DOG
kind-20260915,사모예드,DOG
kind-20260915,살루키,DOG
kind-20260915,삽살개,DOG
kind-20260915,샤페이,DOG
kind-20260915,세인트 버나드,DOG
kind-20260915,센트럴 아시안 오브차카,DOG
kind-20260915,셔틀랜드 쉽독,DOG
kind-20260915,셰퍼드,DOG
kind-20260915,슈나우져,DOG
kind-20260915,스무스콜리,DOG
kind-20260915,스코티쉬 테리어,DOG
kind-20260915,스코티시 디어하운드,DOG
kind-20260915,스키퍼키,DOG
kind-20260915,스태퍼드셔 불 테리어,DOG
kind-20260915,스태퍼드셔 불 테리어 믹스견,DOG
kind-20260915,스탠다드 닥스훈트,DOG
kind-20260915,스탠다드 푸들,DOG
kind-20260915,스피츠,DOG
kind-20260915,슬루기,DOG
kind-20260915,시바,DOG
kind-20260915,시베리안 허스키,DOG
kind-20260915,시잉프랑세즈,DOG
kind-20260915,시츄,DOG
kind-20260915,시코쿠,DOG
kind-20260915,실리햄 테리어,DOG
kind-20260915,실키테리어,DOG
kind-20260915,아나톨리안 셰퍼드,DOG
kind-20260915,아메리칸 불독,DOG
kind-20260915,아메리칸 스태퍼드셔 테리어,DOG
kind-20260915,아메리칸 스태퍼드셔 테리어 믹스견,DOG
kind-20260915,아메리칸 아키다,DOG
kind-20260915,아메리칸 에스키모,DOG
kind-20260915,아메리칸 코카 스파니엘,DOG
kind-20260915,아메리칸 핏불 테리어,DOG
kind-20260915,아메리칸 핏불 테리어 믹스견,DOG
kind-20260915,아메리칸불리,DOG
kind-20260915,아이리쉬 레드 앤 화이트 세터,DOG
kind-20260915,아이리쉬 세터,DOG
kind-20260915,아이리쉬 소프트 코티드 휘튼 테리어,DOG
kind-20260915,아이리쉬 울프 하운드,DOG
kind-20260915,아자와크,DOG
kind-20260915,아키다,DOG
kind-20260915,아펜핀셔,DOG
kind-20260915,아프간 하운드,DOG
kind-20260915,알라스칸 말라뮤트,DOG
kind-20260915,에어델 테리어,DOG
kind-20260915,오브차카,DOG
kind-20260915,오스트랄리안 셰퍼드 독,DOG
kind-20260915,오스트랄리안 캐틀 독,DOG
kind-20260915,오스트레일리안 케틀독,DOG
kind-20260915,오스트레일리안 켈피,DOG
kind-20260915,올드 잉글리쉬 불독,DOG
kind-20260915,올드 잉글리쉬 쉽독,DOG
kind-20260915,와이마라너,DOG
kind-20260915,요크셔 테리어,DOG
kind-20260915,울프독,DOG
kind-20260915,웨스트 시베리언 라이카,DOG
kind-20260915,웨스트하이랜드화이트테리어,DOG
kind-20260915,웰시 스프링어 스패니얼,DOG
kind-20260915,웰시 코기 카디건,DOG
kind-20260915,웰시 코기 펨브로크,DOG
kind-20260915,웰시 테리어,DOG
kind-20260915,유쿠시안 라이카,DOG
kind-20260915,이스트 시베리언 라이카,DOG
kind-20260915,이탈리안 그레이 하운드,DOG
kind-20260915,잉글리쉬 세터,DOG
kind-20260915,잉글리쉬 스프링거 스파니엘,DOG
kind-20260915,잉글리쉬 코카 스파니엘,DOG
kind-20260915,잉글리쉬 포인터,DOG
kind-20260915,자이언트 슈나우져,DOG
kind-20260915,재패니즈 스피츠,DOG
kind-20260915,잭 러셀 테리어,DOG
kind-20260915,저먼 셰퍼드 독,DOG
kind-20260915,저먼 쇼트헤어드 포인터,DOG
kind-20260915,저먼 와이어헤어드 포인터,DOG
kind-20260915,저먼 헌팅 테리어,DOG
kind-20260915,제주개,DOG
kind-20260915,제페니스 친,DOG
kind-20260915,제페니즈칭,DOG
kind-20260915,중앙아시안 셰퍼드,DOG
kind-20260915,진도견,DOG
kind-20260915,차우차우,DOG
kind-20260915,차이니즈 크레스티드 독,DOG
kind-20260915,체코슬로바이칸 울프독,DOG
kind-20260915,치와와,DOG
kind-20260915,카네 코르소,DOG
kind-20260915,카레리안 베어독,DOG
kind-20260915,카이훗,DOG
kind-20260915,캉갈 셰퍼드 독,DOG
kind-20260915,캐벌리어 킹 찰스 스파니엘,DOG
kind-20260915,케나디언 에스키모 독,DOG
kind-20260915,케니스펜더,DOG
kind-20260915,케리 블루 테리어,DOG
kind-20260915,케리블루 테리어,DOG
kind-20260915,케언 테리어,DOG
kind-20260915,코리아 트라이 하운드,DOG
kind-20260915,코리안 마스티프,DOG
kind-20260915,코카 스파니엘,DOG
kind-20260915,코카 푸,DOG
kind-20260915,코카시안 오브차카(코카시안 셰퍼드 독),DOG
kind-20260915,클라인스피츠,DOG
kind-20260915,키슈,DOG
kind-20260915,키스 훈드,DOG
kind-20260915,타이 리지벡 독,DOG
kind-20260915,토이 맨체스터 테리어,DOG
kind-20260915,토이 푸들,DOG
kind-20260915,티베탄 마스티프,DOG
kind-20260915,파라오 하운드,DOG
kind-20260915,파슨 러셀 테리어,DOG
kind-20260915,팔렌(콘티넨탈 토이 스파니엘),DOG
kind-20260915,퍼그,DOG
kind-20260915,페키니즈,DOG
kind-20260915,페터데일테리어,DOG
kind-20260915,포르투갈 워터 도그,DOG
kind-20260915,포메라니안,DOG
kind-20260915,폭스 테리어(스무스),DOG
kind-20260915,폭스 테리어(와이어),DOG
kind-20260915,풀리,DOG
kind-20260915,풍산견,DOG
kind-20260915,프레사까나리오,DOG
kind-20260915,프렌치 불독,DOG
kind-20260915,프렌치 브리타니,DOG
kind-20260915,프티 바세 그리퐁 방댕,DOG
kind-20260915,플랫 코티드 리트리버,DOG
kind-20260915,플롯하운드,DOG
kind-20260915,피레니안 마운틴 독,DOG
kind-20260915,필라 브라질레이로,DOG
kind-20260915,핏불테리어,DOG
kind-20260915,핏불테리어 믹스견,DOG
kind-20260915,허배너스,DOG
kind-20260915,화이트 스위스 세퍼드,DOG
kind-20260915,화이트리트리버,DOG
kind-20260915,화이트테리어,DOG
kind-20260915,휘펫,DOG
