version,regionCode,emdCode,publicLocation,active
kldc-20260911-sgg,11110,,서울특별시 종로구,true
kldc-20260911-sgg,11140,,서울특별시 중구,true
kldc-20260911-sgg,11170,,서울특별시 용산구,true
kldc-20260911-sgg,11200,,서울특별시 성동구,true
kldc-20260911-sgg,11215,,서울특별시 광진구,true
kldc-20260911-sgg,11230,,서울특별시 동대문구,true
kldc-20260911-sgg,11260,,서울특별시 중랑구,true
kldc-20260911-sgg,11290,,서울특별시 성북구,true
kldc-20260911-sgg,11305,,서울특별시 강북구,true
kldc-20260911-sgg,11320,,서울특별시 도봉구,true
kldc-20260911-sgg,11350,,서울특별시 노원구,true
kldc-20260911-sgg,11380,,서울특별시 은평구,true
kldc-20260911-sgg,11410,,서울특별시 서대문구,true
kldc-20260911-sgg,11440,,서울특별시 마포구,true
kldc-20260911-sgg,11470,,서울특별시 양천구,true
kldc-20260911-sgg,11500,,서울특별시 강서구,true
kldc-20260911-sgg,11530,,서울특별시 구로구,true
kldc-20260911-sgg,11545,,서울특별시 금천구,true
kldc-20260911-sgg,11560,,서울특별시 영등포구,true
kldc-20260911-sgg,11590,,서울특별시 동작구,true
kldc-20260911-sgg,11620,,서울특별시 관악구,true
kldc-20260911-sgg,11650,,서울특별시 서초구,true
kldc-20260911-sgg,11680,,서울특별시 강남구,true
kldc-20260911-sgg,11710,,서울특별시 송파구,true
kldc-20260911-sgg,11740,,서울특별시 강동구,true
kldc-20260911-sgg,12110,,전남광주통합특별시 목포시,true
kldc-20260911-sgg,12130,,전남광주통합특별시 여수시,true
kldc-20260911-sgg,12150,,전남광주통합특별시 순천시,true
kldc-20260911-sgg,12170,,전남광주통합특별시 나주시,true
kldc-20260911-sgg,12190,,전남광주통합특별시 광양시,true
kldc-20260911-sgg,12210,,전남광주통합특별시 동구,true
kldc-20260911-sgg,12240,,전남광주통합특별시 서구,true
kldc-20260911-sgg,12270,,전남광주통합특별시 남구,true
kldc-20260911-sgg,12300,,전남광주통합특별시 북구,true
kldc-20260911-sgg,12330,,전남광주통합특별시 광산구,true
kldc-20260911-sgg,12710,,전남광주통합특별시 담양군,true
kldc-20260911-sgg,12720,,전남광주통합특별시 곡성군,true
kldc-20260911-sgg,12730,,전남광주통합특별시 구례군,true
kldc-20260911-sgg,12740,,전남광주통합특별시 고흥군,true
kldc-20260911-sgg,12750,,전남광주통합특별시 보성군,true
kldc-20260911-sgg,12760,,전남광주통합특별시 화순군,true
kldc-20260911-sgg,12770,,전남광주통합특별시 장흥군,true
kldc-20260911-sgg,12780,,전남광주통합특별시 강진군,true
kldc-20260911-sgg,12790,,전남광주통합특별시 해남군,true
kldc-20260911-sgg,12800,,전남광주통합특별시 영암군,true
kldc-20260911-sgg,12810,,전남광주통합특별시 무안군,true
kldc-20260911-sgg,12820,,전남광주통합특별시 함평군,true
kldc-20260911-sgg,12830,,전남광주통합특별시 영광군,true
kldc-20260911-sgg,12840,,전남광주통합특별시 장성군,true
kldc-20260911-sgg,12850,,전남광주통합특별시 완도군,true
kldc-20260911-sgg,12860,,전남광주통합특별시 진도군,true
kldc-20260911-sgg,12870,,전남광주통합특별시 신안군,true
kldc-20260911-sgg,26110,,부산광역시 중구,true
kldc-20260911-sgg,26140,,부산광역시 서구,true
kldc-20260911-sgg,26170,,부산광역시 동구,true
kldc-20260911-sgg,26200,,부산광역시 영도구,true
kldc-20260911-sgg,26230,,부산광역시 부산진구,true
kldc-20260911-sgg,26260,,부산광역시 동래구,true
kldc-20260911-sgg,26290,,부산광역시 남구,true
kldc-20260911-sgg,26320,,부산광역시 북구,true
kldc-20260911-sgg,26350,,부산광역시 해운대구,true
kldc-20260911-sgg,26380,,부산광역시 사하구,true
kldc-20260911-sgg,26410,,부산광역시 금정구,true
kldc-20260911-sgg,26440,,부산광역시 강서구,true
kldc-20260911-sgg,26470,,부산광역시 연제구,true
kldc-20260911-sgg,26500,,부산광역시 수영구,true
kldc-20260911-sgg,26530,,부산광역시 사상구,true
kldc-20260911-sgg,26710,,부산광역시 기장군,true
kldc-20260911-sgg,27110,,대구광역시 중구,true
kldc-20260911-sgg,27140,,대구광역시 동구,true
kldc-20260911-sgg,27170,,대구광역시 서구,true
kldc-20260911-sgg,27200,,대구광역시 남구,true
kldc-20260911-sgg,27230,,대구광역시 북구,true
kldc-20260911-sgg,27260,,대구광역시 수성구,true
kldc-20260911-sgg,27290,,대구광역시 달서구,true
kldc-20260911-sgg,27710,,대구광역시 달성군,true
kldc-20260911-sgg,27720,,대구광역시 군위군,true
kldc-20260911-sgg,28125,,인천광역시 제물포구,true
kldc-20260911-sgg,28155,,인천광역시 영종구,true
kldc-20260911-sgg,28177,,인천광역시 미추홀구,true
kldc-20260911-sgg,28185,,인천광역시 연수구,true
kldc-20260911-sgg,28200,,인천광역시 남동구,true
kldc-20260911-sgg,28237,,인천광역시 부평구,true
kldc-20260911-sgg,28245,,인천광역시 계양구,true
kldc-20260911-sgg,28275,,인천광역시 서해구,true
kldc-20260911-sgg,28290,,인천광역시 검단구,true
kldc-20260911-sgg,28710,,인천광역시 강화군,true
kldc-20260911-sgg,28720,,인천광역시 옹진군,true
kldc-20260911-sgg,30110,,대전광역시 동구,true
kldc-20260911-sgg,30140,,대전광역시 중구,true
kldc-20260911-sgg,30170,,대전광역시 서구,true
kldc-20260911-sgg,30200,,대전광역시 유성구,true
kldc-20260911-sgg,30230,,대전광역시 대덕구,true
kldc-20260911-sgg,31110,,울산광역시 중구,true
kldc-20260911-sgg,31140,,울산광역시 남구,true
kldc-20260911-sgg,31170,,울산광역시 동구,true
kldc-20260911-sgg,31200,,울산광역시 북구,true
kldc-20260911-sgg,31710,,울산광역시 울주군,true
kldc-20260911-sgg,36110,,세종특별자치시,true
kldc-20260911-sgg,41110,,경기도 수원시,true
kldc-20260911-sgg,41111,,경기도 수원시 장안구,true
kldc-20260911-sgg,41113,,경기도 수원시 권선구,true
kldc-20260911-sgg,41115,,경기도 수원시 팔달구,true
kldc-20260911-sgg,41117,,경기도 수원시 영통구,true
kldc-20260911-sgg,41130,,경기도 성남시,true
kldc-20260911-sgg,41131,,경기도 성남시 수정구,true
kldc-20260911-sgg,41133,,경기도 성남시 중원구,true
kldc-20260911-sgg,41135,,경기도 성남시 분당구,true
kldc-20260911-sgg,41150,,경기도 의정부시,true
kldc-20260911-sgg,41170,,경기도 안양시,true
kldc-20260911-sgg,41171,,경기도 안양시 만안구,true
kldc-20260911-sgg,41173,,경기도 안양시 동안구,true
kldc-20260911-sgg,41190,,경기도 부천시,true
kldc-20260911-sgg,41192,,경기도 부천시 원미구,true
kldc-20260911-sgg,41194,,경기도 부천시 소사구,true
kldc-20260911-sgg,41196,,경기도 부천시 오정구,true
kldc-20260911-sgg,41210,,경기도 광명시,true
kldc-20260911-sgg,41220,,경기도 평택시,true
kldc-20260911-sgg,41250,,경기도 동두천시,true
kldc-20260911-sgg,41270,,경기도 안산시,true
kldc-20260911-sgg,41271,,경기도 안산시 상록구,true
kldc-20260911-sgg,41273,,경기도 안산시 단원구,true
kldc-20260911-sgg,41280,,경기도 고양시,true
kldc-20260911-sgg,41281,,경기도 고양시 덕양구,true
kldc-20260911-sgg,41285,,경기도 고양시 일산동구,true
kldc-20260911-sgg,41287,,경기도 고양시 일산서구,true
kldc-20260911-sgg,41290,,경기도 과천시,true
kldc-20260911-sgg,41310,,경기도 구리시,true
kldc-20260911-sgg,41360,,경기도 남양주시,true
kldc-20260911-sgg,41370,,경기도 오산시,true
kldc-20260911-sgg,41390,,경기도 시흥시,true
kldc-20260911-sgg,41410,,경기도 군포시,true
kldc-20260911-sgg,41430,,경기도 의왕시,true
kldc-20260911-sgg,41450,,경기도 하남시,true
kldc-20260911-sgg,41460,,경기도 용인시,true
kldc-20260911-sgg,41461,,경기도 용인시 처인구,true
kldc-20260911-sgg,41463,,경기도 용인시 기흥구,true
kldc-20260911-sgg,41465,,경기도 용인시 수지구,true
kldc-20260911-sgg,41480,,경기도 파주시,true
kldc-20260911-sgg,41500,,경기도 이천시,true
kldc-20260911-sgg,41550,,경기도 안성시,true
kldc-20260911-sgg,41570,,경기도 김포시,true
kldc-20260911-sgg,41590,,경기도 화성시,true
kldc-20260911-sgg,41591,,경기도 화성시 만세구,true
kldc-20260911-sgg,41593,,경기도 화성시 효행구,true
kldc-20260911-sgg,41595,,경기도 화성시 병점구,true
kldc-20260911-sgg,41597,,경기도 화성시 동탄구,true
kldc-20260911-sgg,41610,,경기도 광주시,true
kldc-20260911-sgg,41630,,경기도 양주시,true
kldc-20260911-sgg,41650,,경기도 포천시,true
kldc-20260911-sgg,41670,,경기도 여주시,true
kldc-20260911-sgg,41800,,경기도 연천군,true
kldc-20260911-sgg,41820,,경기도 가평군,true
kldc-20260911-sgg,41830,,경기도 양평군,true
kldc-20260911-sgg,43110,,충청북도 청주시,true
kldc-20260911-sgg,43111,,충청북도 청주시 상당구,true
kldc-20260911-sgg,43112,,충청북도 청주시 서원구,true
kldc-20260911-sgg,43113,,충청북도 청주시 흥덕구,true
kldc-20260911-sgg,43114,,충청북도 청주시 청원구,true
kldc-20260911-sgg,43130,,충청북도 충주시,true
kldc-20260911-sgg,43150,,충청북도 제천시,true
kldc-20260911-sgg,43720,,충청북도 보은군,true
kldc-20260911-sgg,43730,,충청북도 옥천군,true
kldc-20260911-sgg,43740,,충청북도 영동군,true
kldc-20260911-sgg,43745,,충청북도 증평군,true
kldc-20260911-sgg,43750,,충청북도 진천군,true
kldc-20260911-sgg,43760,,충청북도 괴산군,true
kldc-20260911-sgg,43770,,충청북도 음성군,true
kldc-20260911-sgg,43800,,충청북도 단양군,true
kldc-20260911-sgg,44130,,충청남도 천안시,true
kldc-20260911-sgg,44131,,충청남도 천안시 동남구,true
kldc-20260911-sgg,44133,,충청남도 천안시 서북구,true
kldc-20260911-sgg,44150,,충청남도 공주시,true
kldc-20260911-sgg,44180,,충청남도 보령시,true
kldc-20260911-sgg,44200,,충청남도 아산시,true
kldc-20260911-sgg,44210,,충청남도 서산시,true
kldc-20260911-sgg,44230,,충청남도 논산시,true
kldc-20260911-sgg,44250,,충청남도 계룡시,true
kldc-20260911-sgg,44270,,충청남도 당진시,true
kldc-20260911-sgg,44710,,충청남도 금산군,true
kldc-20260911-sgg,44760,,충청남도 부여군,true
kldc-20260911-sgg,44770,,충청남도 서천군,true
kldc-20260911-sgg,44790,,충청남도 청양군,true
kldc-20260911-sgg,44800,,충청남도 홍성군,true
kldc-20260911-sgg,44810,,충청남도 예산군,true
kldc-20260911-sgg,44825,,충청남도 태안군,true
kldc-20260911-sgg,47110,,경상북도 포항시,true
kldc-20260911-sgg,47111,,경상북도 포항시 남구,true
kldc-20260911-sgg,47113,,경상북도 포항시 북구,true
kldc-20260911-sgg,47130,,경상북도 경주시,true
kldc-20260911-sgg,47150,,경상북도 김천시,true
kldc-20260911-sgg,47170,,경상북도 안동시,true
kldc-20260911-sgg,47190,,경상북도 구미시,true
kldc-20260911-sgg,47210,,경상북도 영주시,true
kldc-20260911-sgg,47230,,경상북도 영천시,true
kldc-20260911-sgg,47250,,경상북도 상주시,true
kldc-20260911-sgg,47280,,경상북도 문경시,true
kldc-20260911-sgg,47290,,경상북도 경산시,true
kldc-20260911-sgg,47730,,경상북도 의성군,true
kldc-20260911-sgg,47750,,경상북도 청송군,true
kldc-20260911-sgg,47760,,경상북도 영양군,true
kldc-20260911-sgg,47770,,경상북도 영덕군,true
kldc-20260911-sgg,47820,,경상북도 청도군,true
kldc-20260911-sgg,47830,,경상북도 고령군,true
kldc-20260911-sgg,47840,,경상북도 성주군,true
kldc-20260911-sgg,47850,,경상북도 칠곡군,true
kldc-20260911-sgg,47900,,경상북도 예천군,true
kldc-20260911-sgg,47920,,경상북도 봉화군,true
kldc-20260911-sgg,47930,,경상북도 울진군,true
kldc-20260911-sgg,47940,,경상북도 울릉군,true
kldc-20260911-sgg,48120,,경상남도 창원시,true
kldc-20260911-sgg,48121,,경상남도 창원시 의창구,true
kldc-20260911-sgg,48123,,경상남도 창원시 성산구,true
kldc-20260911-sgg,48125,,경상남도 창원시 마산합포구,true
kldc-20260911-sgg,48127,,경상남도 창원시 마산회원구,true
kldc-20260911-sgg,48129,,경상남도 창원시 진해구,true
kldc-20260911-sgg,48170,,경상남도 진주시,true
kldc-20260911-sgg,48220,,경상남도 통영시,true
kldc-20260911-sgg,48240,,경상남도 사천시,true
kldc-20260911-sgg,48250,,경상남도 김해시,true
kldc-20260911-sgg,48270,,경상남도 밀양시,true
kldc-20260911-sgg,48310,,경상남도 거제시,true
kldc-20260911-sgg,48330,,경상남도 양산시,true
kldc-20260911-sgg,48720,,경상남도 의령군,true
kldc-20260911-sgg,48730,,경상남도 함안군,true
kldc-20260911-sgg,48740,,경상남도 창녕군,true
kldc-20260911-sgg,48820,,경상남도 고성군,true
kldc-20260911-sgg,48840,,경상남도 남해군,true
kldc-20260911-sgg,48850,,경상남도 하동군,true
kldc-20260911-sgg,48860,,경상남도 산청군,true
kldc-20260911-sgg,48870,,경상남도 함양군,true
kldc-20260911-sgg,48880,,경상남도 거창군,true
kldc-20260911-sgg,48890,,경상남도 합천군,true
kldc-20260911-sgg,50110,,제주특별자치도 제주시,true
kldc-20260911-sgg,50130,,제주특별자치도 서귀포시,true
kldc-20260911-sgg,51110,,강원특별자치도 춘천시,true
kldc-20260911-sgg,51130,,강원특별자치도 원주시,true
kldc-20260911-sgg,51150,,강원특별자치도 강릉시,true
kldc-20260911-sgg,51170,,강원특별자치도 동해시,true
kldc-20260911-sgg,51190,,강원특별자치도 태백시,true
kldc-20260911-sgg,51210,,강원특별자치도 속초시,true
kldc-20260911-sgg,51230,,강원특별자치도 삼척시,true
kldc-20260911-sgg,51720,,강원특별자치도 홍천군,true
kldc-20260911-sgg,51730,,강원특별자치도 횡성군,true
kldc-20260911-sgg,51750,,강원특별자치도 영월군,true
kldc-20260911-sgg,51760,,강원특별자치도 평창군,true
kldc-20260911-sgg,51770,,강원특별자치도 정선군,true
kldc-20260911-sgg,51780,,강원특별자치도 철원군,true
kldc-20260911-sgg,51790,,강원특별자치도 화천군,true
kldc-20260911-sgg,51800,,강원특별자치도 양구군,true
kldc-20260911-sgg,51810,,강원특별자치도 인제군,true
kldc-20260911-sgg,51820,,강원특별자치도 고성군,true
kldc-20260911-sgg,51830,,강원특별자치도 양양군,true
kldc-20260911-sgg,52110,,전북특별자치도 전주시,true
kldc-20260911-sgg,52111,,전북특별자치도 전주시 완산구,true
kldc-20260911-sgg,52113,,전북특별자치도 전주시 덕진구,true
kldc-20260911-sgg,52130,,전북특별자치도 군산시,true
kldc-20260911-sgg,52140,,전북특별자치도 익산시,true
kldc-20260911-sgg,52180,,전북특별자치도 정읍시,true
kldc-20260911-sgg,52190,,전북특별자치도 남원시,true
kldc-20260911-sgg,52210,,전북특별자치도 김제시,true
kldc-20260911-sgg,52710,,전북특별자치도 완주군,true
kldc-20260911-sgg,52720,,전북특별자치도 진안군,true
kldc-20260911-sgg,52730,,전북특별자치도 무주군,true
kldc-20260911-sgg,52740,,전북특별자치도 장수군,true
kldc-20260911-sgg,52750,,전북특별자치도 임실군,true
kldc-20260911-sgg,52770,,전북특별자치도 순창군,true
kldc-20260911-sgg,52790,,전북특별자치도 고창군,true
kldc-20260911-sgg,52800,,전북특별자치도 부안군,true
