version,alias,publicLocation
kldc-20260911-sgg,강원도 강릉시,강원특별자치도 강릉시
kldc-20260911-sgg,강원도 고성군,강원특별자치도 고성군
kldc-20260911-sgg,강원도 동해시,강원특별자치도 동해시
kldc-20260911-sgg,강원도 삼척시,강원특별자치도 삼척시
kldc-20260911-sgg,강원도 속초시,강원특별자치도 속초시
kldc-20260911-sgg,강원도 양구군,강원특별자치도 양구군
kldc-20260911-sgg,강원도 양양군,강원특별자치도 양양군
kldc-20260911-sgg,강원도 영월군,강원특별자치도 영월군
kldc-20260911-sgg,강원도 원주시,강원특별자치도 원주시
kldc-20260911-sgg,강원도 인제군,강원특별자치도 인제군
kldc-20260911-sgg,강원도 정선군,강원특별자치도 정선군
kldc-20260911-sgg,강원도 철원군,강원특별자치도 철원군
kldc-20260911-sgg,강원도 춘천시,강원특별자치도 춘천시
kldc-20260911-sgg,강원도 태백시,강원특별자치도 태백시
kldc-20260911-sgg,강원도 평창군,강원특별자치도 평창군
kldc-20260911-sgg,강원도 홍천군,강원특별자치도 홍천군
kldc-20260911-sgg,강원도 화천군,강원특별자치도 화천군
kldc-20260911-sgg,강원도 횡성군,강원특별자치도 횡성군
kldc-20260911-sgg,광주광역시 광산구,전남광주통합특별시 광산구
kldc-20260911-sgg,광주광역시 남구,전남광주통합특별시 남구
kldc-20260911-sgg,광주광역시 동구,전남광주통합특별시 동구
kldc-20260911-sgg,광주광역시 북구,전남광주통합특별시 북구
kldc-20260911-sgg,광주광역시 서구,전남광주통합특별시 서구
kldc-20260911-sgg,광주직할시 광산구,전남광주통합특별시 광산구
kldc-20260911-sgg,광주직할시 동구,전남광주통합특별시 동구
kldc-20260911-sgg,광주직할시 북구,전남광주통합특별시 북구
kldc-20260911-sgg,광주직할시 서구,전남광주통합특별시 서구
kldc-20260911-sgg,대구직할시 남구,대구광역시 남구
kldc-20260911-sgg,대구직할시 달서구,대구광역시 달서구
kldc-20260911-sgg,대구직할시 동구,대구광역시 동구
kldc-20260911-sgg,대구직할시 북구,대구광역시 북구
kldc-20260911-sgg,대구직할시 서구,대구광역시 서구
kldc-20260911-sgg,대구직할시 수성구,대구광역시 수성구
kldc-20260911-sgg,대구직할시 중구,대구광역시 중구
kldc-20260911-sgg,대전직할시 대덕구,대전광역시 대덕구
kldc-20260911-sgg,대전직할시 동구,대전광역시 동구
kldc-20260911-sgg,대전직할시 서구,대전광역시 서구
kldc-20260911-sgg,대전직할시 유성구,대전광역시 유성구
kldc-20260911-sgg,대전직할시 중구,대전광역시 중구
kldc-20260911-sgg,부산직할시 강서구,부산광역시 강서구
kldc-20260911-sgg,부산직할시 금정구,부산광역시 금정구
kldc-20260911-sgg,부산직할시 남구,부산광역시 남구
kldc-20260911-sgg,부산직할시 동구,부산광역시 동구
kldc-20260911-sgg,부산직할시 동래구,부산광역시 동래구
kldc-20260911-sgg,부산직할시 부산진구,부산광역시 부산진구
kldc-20260911-sgg,부산직할시 북구,부산광역시 북구
kldc-20260911-sgg,부산직할시 사하구,부산광역시 사하구
kldc-20260911-sgg,부산직할시 서구,부산광역시 서구
kldc-20260911-sgg,부산직할시 영도구,부산광역시 영도구
kldc-20260911-sgg,부산직할시 중구,부산광역시 중구
kldc-20260911-sgg,부산직할시 해운대구,부산광역시 해운대구
kldc-20260911-sgg,인천직할시 남동구,인천광역시 남동구
kldc-20260911-sgg,전라남도 강진군,전남광주통합특별시 강진군
kldc-20260911-sgg,전라남도 고흥군,전남광주통합특별시 고흥군
kldc-20260911-sgg,전라남도 곡성군,전남광주통합특별시 곡성군
kldc-20260911-sgg,전라남도 광양시,전남광주통합특별시 광양시
kldc-20260911-sgg,전라남도 구례군,전남광주통합특별시 구례군
kldc-20260911-sgg,전라남도 나주시,전남광주통합특별시 나주시
kldc-20260911-sgg,전라남도 담양군,전남광주통합특별시 담양군
kldc-20260911-sgg,전라남도 목포시,전남광주통합특별시 목포시
kldc-20260911-sgg,전라남도 무안군,전남광주통합특별시 무안군
kldc-20260911-sgg,전라남도 보성군,전남광주통합특별시 보성군
kldc-20260911-sgg,전라남도 순천시,전남광주통합특별시 순천시
kldc-20260911-sgg,전라남도 신안군,전남광주통합특별시 신안군
kldc-20260911-sgg,전라남도 여수시,전남광주통합특별시 여수시
kldc-20260911-sgg,전라남도 영광군,전남광주통합특별시 영광군
kldc-20260911-sgg,전라남도 영암군,전남광주통합특별시 영암군
kldc-20260911-sgg,전라남도 완도군,전남광주통합특별시 완도군
kldc-20260911-sgg,전라남도 장성군,전남광주통합특별시 장성군
kldc-20260911-sgg,전라남도 장흥군,전남광주통합특별시 장흥군
kldc-20260911-sgg,전라남도 진도군,전남광주통합특별시 진도군
kldc-20260911-sgg,전라남도 함평군,전남광주통합특별시 함평군
kldc-20260911-sgg,전라남도 해남군,전남광주통합특별시 해남군
kldc-20260911-sgg,전라남도 화순군,전남광주통합특별시 화순군
kldc-20260911-sgg,전라북도 고창군,전북특별자치도 고창군
kldc-20260911-sgg,전라북도 군산시,전북특별자치도 군산시
kldc-20260911-sgg,전라북도 김제시,전북특별자치도 김제시
kldc-20260911-sgg,전라북도 남원시,전북특별자치도 남원시
kldc-20260911-sgg,전라북도 무주군,전북특별자치도 무주군
kldc-20260911-sgg,전라북도 부안군,전북특별자치도 부안군
kldc-20260911-sgg,전라북도 순창군,전북특별자치도 순창군
kldc-20260911-sgg,전라북도 완주군,전북특별자치도 완주군
kldc-20260911-sgg,전라북도 익산시,전북특별자치도 익산시
kldc-20260911-sgg,전라북도 임실군,전북특별자치도 임실군
kldc-20260911-sgg,전라북도 장수군,전북특별자치도 장수군
kldc-20260911-sgg,전라북도 전주시,전북특별자치도 전주시
kldc-20260911-sgg,전라북도 정읍시,전북특별자치도 정읍시
kldc-20260911-sgg,전라북도 진안군,전북특별자치도 진안군
kldc-20260911-sgg,제주도 서귀포시,제주특별자치도 서귀포시
kldc-20260911-sgg,제주도 제주시,제주특별자치도 제주시
